"user_id","name","gender","age","location"
CUST1003,Wai Wai Gray,Female,23,Pathein
CUST1006,Myat Mon Mitchell,Female,25,Monywa
CUST1030,Myat Mon Graves,Female,48,Pathein
CUST1039,Nandar Henderson,Male,29,Mandalay
CUST1043,Pyae Sone Lee,Female,23,Yangon
CUST1052,Phyu Phyu Ramirez,Female,25,Taunggyi
CUST1060,Cherry Nelson,Male,22,Mandalay
CUST1068,Ei Mon Jones,Male,23,Mandalay
CUST1084,Thiri Eaton,Male,32,Mawlamyine
CUST1097,Su Su Hall,Female,36,Taunggyi
CUST1116,Htet Htet Blair,Female,29,Taunggyi
CUST1131,Su Su King,Female,54,Taunggyi
CUST1143,Ei Mon Taylor,Female,54,Yangon
CUST1155,Htet Htet Gregory,Female,58,Yangon
CUST1189,Wai Wai Johnson,Female,21,Monywa
CUST1196,Thiri Lee,Female,56,Pathein
CUST1200,Nandar Meadows,Female,19,Mawlamyine
CUST1234,Wai Wai Leblanc,Female,38,Yangon
CUST1254,Cherry Evans,Female,59,Pathein
CUST1264,Cherry Jackson,Female,46,Naypyidaw
CUST1275,Myat Mon Walker,Female,29,Pathein
CUST1287,Htet Htet Grant,Female,33,Naypyidaw
CUST1321,Cherry Martinez,Male,27,Bago
CUST1331,Htet Htet Barber,Female,55,Naypyidaw
CUST1336,Phyu Phyu Mejia,Female,47,Mawlamyine
CUST1341,Htet Htet Wells,Female,46,Monywa
CUST1349,Htet Htet Ramirez,Female,50,Mandalay
CUST1352,Cherry Carter,Female,40,Naypyidaw
CUST1394,Su Su Berger,Male,24,Yangon
CUST1404,Ei Mon Maldonado,Female,46,Mawlamyine
CUST1413,Cherry Spence,Female,22,Yangon
CUST1416,Myat Mon Russell,Female,44,Monywa
CUST1424,Nandar Zhang,Female,49,Mandalay
CUST1432,Thiri Perez,Female,59,Pathein
CUST1455,Nandar Anderson,Female,53,Mandalay
CUST1492,Ei Mon Evans,Female,55,Mandalay
CUST1002,Pyae Sone Huff,Female,20,Mandalay
CUST1031,Su Su Mcconnell,Female,28,Mandalay
CUST1035,Thiri Clarke,Female,60,Naypyidaw
CUST1041,Ei Mon Herrera,Female,45,Pathein
CUST1050,Myat Mon White,Female,36,Naypyidaw
CUST1061,Nandar Mueller,Male,26,Mawlamyine
CUST1082,Cherry Gutierrez,Female,50,Mandalay
CUST1086,Phyu Phyu Spence,Female,43,Naypyidaw
CUST1140,Nandar Cantu,Male,33,Bago
CUST1141,Wai Wai Santos,Female,33,Mandalay
CUST1145,Phyu Phyu Kelley,Female,59,Mandalay
CUST1147,Ei Mon Jackson,Female,28,Mawlamyine
CUST1154,Cherry Lawson,Female,35,Mandalay
CUST1162,Phyu Phyu Brown,Female,57,Taunggyi
CUST1177,Phyu Phyu Marquez,Female,38,Yangon
CUST1199,Nandar Hill,Male,23,Mandalay
CUST1257,Htet Htet Dominguez,Female,20,Mawlamyine
CUST1259,Cherry Smith,Female,37,Monywa
CUST1261,Nandar Charles,Male,33,Yangon
CUST1274,Pyae Sone Romero,Female,28,Naypyidaw
CUST1284,Pyae Sone Woods,Female,58,Yangon
CUST1298,Su Su Cruz,Female,26,Taunggyi
CUST1304,Cherry Estes,Female,59,Bago
CUST1365,Thiri Mullen,Female,37,Naypyidaw
CUST1388,Su Su Leblanc,Female,47,Mandalay
CUST1400,Htet Htet Jones,Female,56,Bago
CUST1412,Nandar Durham,Female,51,Monywa
CUST1415,Su Su Hansen,Female,46,Mawlamyine
CUST1437,Thiri Johnson,Female,42,Mawlamyine
CUST1446,Htet Htet Gonzales,Female,48,Mawlamyine
CUST1452,Myat Mon Ford,Female,46,Monywa
CUST1477,Su Su Dillon,Female,47,Pathein
CUST1478,Ei Mon Miller,Female,36,Pathein
CUST1480,Ei Mon Armstrong,Female,49,Pathein
CUST1483,Wai Wai Mcdowell,Female,51,Monywa
CUST1493,Nandar Stewart,Female,48,Mandalay
CUST1008,Htet Htet Black,Male,38,Mawlamyine
CUST1009,Pyae Sone Stewart,Female,19,Taunggyi
CUST1017,Ei Mon Armstrong,Female,51,Pathein
CUST1026,Htet Htet Dennis,Female,47,Naypyidaw
CUST1081,Nandar Williams,Female,43,Monywa
CUST1088,Su Su Harding,Female,45,Monywa
CUST1096,Cherry Graham,Male,55,Mawlamyine
CUST1108,Thiri Ramirez,Female,48,Mandalay
CUST1112,Pyae Sone Hart,Female,49,Taunggyi
CUST1117,Nandar Ramirez,Female,59,Yangon
CUST1153,Thiri Mendoza,Female,37,Naypyidaw
CUST1157,Pyae Sone Wolfe,Female,37,Yangon
CUST1184,Ei Mon May,Female,41,Monywa
CUST1192,Cherry Reyes,Female,31,Mawlamyine
CUST1210,Myat Mon Decker,Female,26,Bago
CUST1218,Htet Htet Nelson,Female,24,Naypyidaw
CUST1223,Nandar Houston,Female,52,Pathein
CUST1243,Htet Htet Anderson,Female,23,Bago
CUST1300,Su Su Mendoza,Male,36,Pathein
CUST1306,Su Su Ellis,Female,29,Monywa
CUST1316,Htet Htet Sanchez,Female,45,Taunggyi
CUST1329,Wai Wai Chase,Female,36,Yangon
CUST1351,Htet Htet Williams,Female,18,Pathein
CUST1355,Su Su Reyes,Male,54,Mawlamyine
CUST1370,Pyae Sone Tran,Female,26,Naypyidaw
CUST1374,Cherry Nelson,Female,51,Pathein
CUST1376,Cherry Jensen,Female,28,Naypyidaw
CUST1393,Cherry Miller,Female,26,Mandalay
CUST1405,Pyae Sone Merritt,Female,27,Monywa
CUST1408,Htet Htet Freeman,Female,50,Naypyidaw
CUST1409,Ei Mon Johnson,Female,39,Naypyidaw
CUST1419,Wai Wai Hill,Female,49,Monywa
CUST1426,Phyu Phyu Davis,Male,45,Mandalay
CUST1428,Ei Mon Martin,Female,33,Mandalay
CUST1434,Su Su Johnson,Female,57,Naypyidaw
CUST1436,Phyu Phyu White,Female,60,Naypyidaw
CUST1441,Htet Htet Gibson,Male,32,Mawlamyine
CUST1491,Myat Mon Pineda,Male,22,Mawlamyine
CUST1044,Su Su Wright,Female,51,Yangon
CUST1057,Htet Htet Rush,Male,24,Yangon
CUST1064,Myat Mon Clark,Female,33,Mawlamyine
CUST1071,Htet Htet Brady,Female,50,Mandalay
CUST1077,Su Su Barnes,Female,56,Yangon
CUST1101,Phyu Phyu Bryant,Female,29,Yangon
CUST1105,Phyu Phyu Bailey,Female,32,Pathein
CUST1124,Thiri Tyler,Male,31,Bago
CUST1135,Su Su Bishop,Female,38,Yangon
CUST1138,Su Su Costa,Female,21,Taunggyi
CUST1139,Pyae Sone Ramos,Female,35,Mawlamyine
CUST1146,Cherry Boyer,Female,30,Mawlamyine
CUST1165,Ei Mon Hayes,Female,53,Mawlamyine
CUST1167,Myat Mon Vincent,Female,23,Naypyidaw
CUST1206,Phyu Phyu Anderson,Female,55,Monywa
CUST1209,Htet Htet Martin,Female,49,Monywa
CUST1217,Su Su Church,Female,41,Monywa
CUST1219,Phyu Phyu Todd,Male,54,Taunggyi
CUST1225,Pyae Sone Williams,Female,34,Monywa
CUST1227,Htet Htet Hudson,Male,47,Yangon
CUST1242,Pyae Sone Esparza,Male,48,Monywa
CUST1255,Wai Wai Hall,Female,51,Yangon
CUST1267,Ei Mon Morris,Female,37,Mandalay
CUST1277,Pyae Sone Thomas,Female,43,Taunggyi
CUST1280,Thiri Keller,Female,27,Mandalay
CUST1335,Myat Mon Scott,Female,44,Yangon
CUST1362,Phyu Phyu Gillespie,Female,26,Mawlamyine
CUST1389,Cherry Fuller,Female,43,Mandalay
CUST1397,Htet Htet Stone,Female,37,Mawlamyine
CUST1456,Myat Mon Clark,Female,59,Pathein
CUST1465,Wai Wai Gilbert,Male,42,Yangon
CUST1470,Phyu Phyu Hernandez,Male,23,Mawlamyine
CUST1474,Thiri Green,Female,56,Mawlamyine
CUST1498,Cherry Allen,Male,44,Yangon
CUST1015,Htet Htet Brown,Female,42,Yangon
CUST1022,Wai Wai Smith,Female,49,Mawlamyine
CUST1027,Wai Wai Tucker,Male,19,Pathein
CUST1028,Cherry Miller,Female,59,Naypyidaw
CUST1034,Phyu Phyu Taylor,Female,44,Pathein
CUST1049,Myat Mon Cook,Female,40,Pathein
CUST1055,Nandar Alvarez,Male,38,Yangon
CUST1059,Myat Mon Holden,Female,50,Taunggyi
CUST1072,Nandar Rodriguez,Female,18,Naypyidaw
CUST1107,Nandar Sanchez,Male,36,Taunggyi
CUST1114,Su Su Robles,Female,22,Bago
CUST1118,Myat Mon George,Female,28,Monywa
CUST1119,Phyu Phyu Hess,Female,33,Bago
CUST1166,Wai Wai Thompson,Female,19,Mandalay
CUST1168,Phyu Phyu Rogers,Female,46,Taunggyi
CUST1169,Phyu Phyu Black,Female,47,Yangon
CUST1175,Cherry Scott,Male,36,Yangon
CUST1186,Ei Mon Mendez,Female,35,Naypyidaw
CUST1187,Myat Mon Peterson,Female,40,Mawlamyine
CUST1188,Myat Mon Morales,Female,58,Naypyidaw
CUST1193,Phyu Phyu Lee,Female,46,Mawlamyine
CUST1235,Cherry Marquez,Female,18,Monywa
CUST1240,Ei Mon Lopez,Female,33,Pathein
CUST1258,Cherry Parker,Female,29,Bago
CUST1272,Pyae Sone Williams,Female,40,Yangon
CUST1276,Cherry Graham,Male,29,Yangon
CUST1278,Phyu Phyu Perkins,Female,30,Yangon
CUST1285,Phyu Phyu Diaz,Female,43,Pathein
CUST1289,Phyu Phyu Diaz,Female,24,Monywa
CUST1295,Myat Mon Garcia,Female,48,Bago
CUST1302,Thiri Clay,Female,18,Mandalay
CUST1307,Wai Wai Cameron,Female,58,Pathein
CUST1327,Htet Htet Collins,Female,52,Mawlamyine
CUST1359,Ei Mon King,Female,55,Monywa
CUST1381,Ei Mon Watson,Female,51,Mandalay
CUST1386,Ei Mon Williams,Female,54,Monywa
CUST1422,Ei Mon Anderson,Male,52,Bago
CUST1429,Su Su Rhodes,Female,25,Bago
CUST1438,Wai Wai Walker,Male,24,Monywa
CUST1442,Myat Mon Fleming,Female,53,Bago
CUST1445,Thiri Clark,Female,40,Monywa
CUST1462,Nandar Tucker,Female,60,Bago
CUST1475,Pyae Sone Thomas,Female,57,Taunggyi
CUST1486,Htet Htet Pollard,Male,30,Yangon
CUST1494,Wai Wai Guzman,Female,58,Pathein
CUST1001,Pyae Sone Young,Female,22,Naypyidaw
CUST1010,Wai Wai Smith,Male,58,Monywa
CUST1011,Ei Mon Cunningham,Female,28,Monywa
CUST1020,Phyu Phyu Barber,Female,31,Taunggyi
CUST1047,Su Su Nelson,Female,56,Taunggyi
CUST1048,Wai Wai Rivera,Female,24,Naypyidaw
CUST1062,Phyu Phyu Morales,Male,45,Mawlamyine
CUST1073,Wai Wai Cross,Female,58,Naypyidaw
CUST1099,Nandar Kirk,Female,52,Bago
CUST1115,Ei Mon Hernandez,Female,28,Yangon
CUST1151,Su Su Preston,Female,21,Naypyidaw
CUST1161,Phyu Phyu Dixon,Female,53,Pathein
CUST1180,Su Su Clay,Female,21,Mandalay
CUST1191,Wai Wai Swanson,Female,18,Naypyidaw
CUST1233,Myat Mon Wilson,Female,47,Bago
CUST1237,Cherry George,Female,59,Naypyidaw
CUST1286,Su Su Brandt,Female,36,Yangon
CUST1311,Pyae Sone Jensen,Female,30,Taunggyi
CUST1312,Cherry George,Female,43,Yangon
CUST1324,Myat Mon Atkinson,Female,46,Mandalay
CUST1326,Htet Htet Allen,Female,47,Taunggyi
CUST1338,Nandar Perez,Male,31,Naypyidaw
CUST1345,Su Su Stewart,Male,25,Monywa
CUST1380,Phyu Phyu Thornton,Female,45,Mawlamyine
CUST1387,Nandar Pena,Female,29,Bago
CUST1411,Myat Mon Sloan,Female,43,Bago
CUST1418,Ei Mon Olson,Male,50,Bago
CUST1427,Htet Htet Nichols,Female,29,Yangon
CUST1433,Ei Mon Cohen,Female,31,Mandalay
CUST1440,Nandar Roberts,Male,34,Pathein
CUST1447,Pyae Sone Estrada,Male,56,Naypyidaw
CUST1449,Htet Htet Gonzales,Female,32,Monywa
CUST1453,Myat Mon Liu,Male,23,Bago
CUST1458,Pyae Sone Maldonado,Female,28,Taunggyi
CUST1485,Pyae Sone Bonilla,Male,51,Bago
CUST1004,Wai Wai Moore,Male,45,Bago
CUST1053,Ei Mon Hunt,Female,24,Pathein
CUST1054,Myat Mon Owen,Female,35,Monywa
CUST1063,Myat Mon Massey,Female,55,Mandalay
CUST1065,Su Su Flores,Female,54,Monywa
CUST1066,Myat Mon Klein,Female,20,Yangon
CUST1069,Thiri Ellis,Female,42,Mawlamyine
CUST1080,Ei Mon Hall,Female,57,Monywa
CUST1089,Phyu Phyu Rodriguez,Male,28,Bago
CUST1134,Htet Htet Davis,Female,32,Mawlamyine
CUST1136,Nandar Medina,Female,22,Mawlamyine
CUST1142,Wai Wai Pineda,Female,43,Monywa
CUST1150,Myat Mon Reeves,Female,43,Taunggyi
CUST1195,Nandar Kelly,Female,19,Monywa
CUST1202,Ei Mon Avila,Female,36,Monywa
CUST1213,Htet Htet Barnes,Female,23,Yangon
CUST1270,Myat Mon Ibarra,Female,20,Mandalay
CUST1293,Cherry Deleon,Male,54,Mawlamyine
CUST1296,Htet Htet Riddle,Female,54,Mandalay
CUST1313,Cherry Wheeler,Female,57,Pathein
CUST1334,Ei Mon Marshall,Female,39,Pathein
CUST1348,Pyae Sone Perez,Female,29,Pathein
CUST1366,Nandar Buchanan,Female,53,Pathein
CUST1392,Pyae Sone Wood,Female,41,Pathein
CUST1398,Htet Htet Clark,Male,28,Mawlamyine
CUST1399,Thiri Torres,Male,28,Bago
CUST1406,Myat Mon Sanchez,Male,24,Mawlamyine
CUST1420,Wai Wai Brown,Female,42,Pathein
CUST1439,Nandar Davis,Male,49,Taunggyi
CUST1448,Su Su Cook,Male,34,Naypyidaw
CUST1463,Thiri Wagner,Male,43,Mandalay
CUST1471,Htet Htet Park,Female,38,Yangon
CUST1487,Pyae Sone Smith,Female,18,Yangon
CUST1495,Su Su Orr,Female,40,Naypyidaw
CUST1497,Wai Wai Smith,Female,19,Bago
CUST1012,Htet Htet Cook,Male,55,Pathein
CUST1024,Myat Mon Clark,Female,49,Monywa
CUST1029,Cherry Mckenzie,Female,48,Mandalay
CUST1037,Nandar Graves,Female,30,Bago
CUST1038,Cherry Rubio,Male,20,Taunggyi
CUST1051,Myat Mon Stephens,Female,38,Bago
CUST1058,Htet Htet Roberts,Female,39,Monywa
CUST1076,Htet Htet Davis,Male,45,Bago
CUST1078,Myat Mon Foster,Female,33,Mawlamyine
CUST1083,Nandar Woods,Female,30,Mawlamyine
CUST1085,Nandar Cummings,Female,45,Naypyidaw
CUST1091,Myat Mon Smith,Female,24,Naypyidaw
CUST1098,Nandar Bradshaw,Female,36,Taunggyi
CUST1111,Myat Mon Anderson,Female,27,Pathein
CUST1128,Su Su Hawkins,Female,43,Mawlamyine
CUST1148,Phyu Phyu Frank,Male,32,Naypyidaw
CUST1158,Thiri Gray,Female,19,Yangon
CUST1170,Htet Htet Perez,Male,43,Mawlamyine
CUST1198,Htet Htet Taylor,Male,27,Pathein
CUST1208,Nandar Hernandez,Female,24,Monywa
CUST1215,Cherry Simpson,Female,50,Mandalay
CUST1232,Nandar Schmidt,Female,55,Naypyidaw
CUST1236,Nandar Dawson,Female,49,Bago
CUST1250,Myat Mon Harvey,Male,22,Bago
CUST1260,Nandar Johnson,Female,32,Yangon
CUST1263,Su Su Chen,Male,38,Yangon
CUST1330,Ei Mon Gonzalez,Female,35,Naypyidaw
CUST1361,Htet Htet Ritter,Female,30,Mawlamyine
CUST1384,Thiri Rodriguez,Male,32,Pathein
CUST1403,Ei Mon Hines,Female,25,Mandalay
CUST1410,Nandar Diaz,Male,38,Bago
CUST1417,Su Su Morales,Female,31,Pathein
CUST1423,Wai Wai Richardson,Female,21,Mawlamyine
CUST1425,Ei Mon Burnett,Female,49,Bago
CUST1430,Thiri Conner,Female,47,Bago
CUST1435,Cherry Garrison,Female,56,Pathein
CUST1443,Pyae Sone Wilson,Female,60,Yangon
CUST1013,Wai Wai Adams,Female,41,Taunggyi
CUST1067,Pyae Sone Harper,Female,22,Bago
CUST1074,Pyae Sone Peterson,Female,33,Yangon
CUST1125,Cherry Fisher,Female,38,Yangon
CUST1152,Thiri Burch,Male,22,Mandalay
CUST1179,Thiri Becker,Female,53,Bago
CUST1230,Wai Wai Padilla,Male,20,Mandalay
CUST1238,Cherry Cortez,Female,57,Yangon
CUST1262,Phyu Phyu Rogers,Female,56,Pathein
CUST1265,Cherry Romero,Female,25,Yangon
CUST1266,Phyu Phyu Harris,Female,33,Mandalay
CUST1268,Wai Wai Lara,Female,35,Bago
CUST1282,Pyae Sone Wood,Female,44,Pathein
CUST1299,Myat Mon Haynes,Female,33,Yangon
CUST1301,Myat Mon Duran,Female,36,Naypyidaw
CUST1305,Wai Wai Hunter,Female,39,Pathein
CUST1322,Nandar Kennedy,Female,25,Mandalay
CUST1337,Cherry Sims,Female,32,Pathein
CUST1343,Phyu Phyu Randolph,Female,31,Taunggyi
CUST1347,Thiri Sanchez,Female,22,Monywa
CUST1354,Thiri Cobb,Female,18,Mawlamyine
CUST1360,Pyae Sone Price,Female,44,Bago
CUST1369,Nandar Thomas,Female,51,Naypyidaw
CUST1378,Htet Htet Barker,Female,25,Mandalay
CUST1382,Wai Wai Walls,Male,43,Monywa
CUST1385,Myat Mon Moore,Female,54,Bago
CUST1414,Su Su Jones,Female,34,Mandalay
CUST1444,Wai Wai Rodriguez,Female,31,Mandalay
CUST1450,Phyu Phyu Burns,Female,30,Taunggyi
CUST1451,Cherry Smith,Female,20,Yangon
CUST1454,Nandar Morgan,Female,26,Taunggyi
CUST1467,Myat Mon Bridges,Female,49,Mawlamyine
CUST1468,Cherry White,Female,41,Bago
CUST1472,Myat Mon Spencer,Male,21,Naypyidaw
CUST1476,Cherry Anderson,Female,54,Yangon
CUST1482,Pyae Sone Marshall,Female,43,Yangon
CUST1000,Wai Wai Martin,Female,46,Naypyidaw
CUST1007,Cherry Flores,Female,52,Yangon
CUST1019,Su Su Medina,Female,47,Yangon
CUST1040,Phyu Phyu Joseph,Female,57,Mandalay
CUST1056,Wai Wai Bailey,Female,51,Naypyidaw
CUST1087,Pyae Sone Alvarez,Male,55,Monywa
CUST1121,Myat Mon Taylor,Female,28,Naypyidaw
CUST1126,Cherry Guzman,Female,19,Taunggyi
CUST1129,Thiri Nelson,Female,48,Mandalay
CUST1144,Cherry Brennan,Female,55,Monywa
CUST1160,Su Su King,Male,45,Naypyidaw
CUST1174,Htet Htet Evans,Female,34,Yangon
CUST1185,Phyu Phyu Hamilton,Male,60,Yangon
CUST1197,Wai Wai Morales,Female,50,Pathein
CUST1214,Su Su Taylor,Female,59,Pathein
CUST1224,Thiri Vazquez,Female,58,Naypyidaw
CUST1244,Wai Wai Thomas,Male,18,Bago
CUST1246,Myat Mon Snyder,Male,49,Bago
CUST1247,Su Su Kim,Female,46,Bago
CUST1253,Htet Htet Santiago,Female,43,Mawlamyine
CUST1279,Pyae Sone Thompson,Female,28,Mawlamyine
CUST1288,Htet Htet Fitzgerald,Female,50,Mawlamyine
CUST1292,Wai Wai Thompson,Female,43,Taunggyi
CUST1294,Ei Mon Evans,Female,40,Bago
CUST1346,Myat Mon Smith,Female,55,Naypyidaw
CUST1358,Su Su Livingston,Female,23,Mandalay
CUST1367,Thiri Garcia,Female,52,Bago
CUST1368,Cherry Cook,Male,49,Pathein
CUST1379,Wai Wai Smith,Female,60,Mandalay
CUST1383,Htet Htet Ponce,Female,23,Naypyidaw
CUST1390,Thiri Roberts,Female,26,Pathein
CUST1431,Wai Wai Gallegos,Female,32,Mandalay
CUST1466,Su Su Shepherd,Female,20,Monywa
CUST1469,Phyu Phyu Perkins,Female,40,Mandalay
CUST1473,Thiri Pittman,Male,54,Taunggyi
CUST1481,Pyae Sone Reynolds,Female,27,Yangon
CUST1488,Nandar Sharp,Female,34,Naypyidaw
CUST1489,Cherry Ho,Male,40,Mawlamyine
CUST1499,Ei Mon Benton,Female,27,Pathein
CUST1032,Wai Wai Hill,Male,23,Naypyidaw
CUST1042,Htet Htet Moss,Female,36,Pathein
CUST1070,Myat Mon Wilson,Female,29,Pathein
CUST1090,Phyu Phyu Huerta,Female,36,Mandalay
CUST1103,Wai Wai Woods,Female,44,Mawlamyine
CUST1113,Cherry Lewis,Female,41,Taunggyi
CUST1123,Cherry Smith,Female,36,Mawlamyine
CUST1127,Nandar Powell,Female,39,Naypyidaw
CUST1159,Su Su Rodriguez,Female,19,Taunggyi
CUST1173,Ei Mon Vega,Female,26,Taunggyi
CUST1183,Su Su Smith,Female,20,Monywa
CUST1204,Cherry Stanton,Female,52,Monywa
CUST1221,Myat Mon Cox,Female,60,Bago
CUST1226,Myat Mon Lopez,Female,25,Monywa
CUST1290,Htet Htet Perez,Female,36,Yangon
CUST1308,Ei Mon Meadows,Female,20,Taunggyi
CUST1318,Htet Htet Morales,Male,50,Monywa
CUST1328,Phyu Phyu Hoover,Female,18,Mawlamyine
CUST1356,Htet Htet Christensen,Female,33,Taunggyi
CUST1357,Cherry Marshall,Female,41,Pathein
CUST1371,Cherry Fields,Female,33,Bago
CUST1375,Wai Wai Todd,Female,56,Monywa
CUST1395,Nandar Anderson,Female,19,Yangon
CUST1457,Phyu Phyu Johnson,Female,39,Yangon
CUST1459,Nandar Steele,Female,49,Monywa
CUST1490,Nandar Steele,Female,32,Naypyidaw
CUST1496,Nandar Zuniga,Female,39,Bago
CUST1025,Ei Mon Rivera,Female,40,Mawlamyine
CUST1036,Phyu Phyu Cervantes,Female,45,Mawlamyine
CUST1079,Ei Mon Hensley,Female,37,Naypyidaw
CUST1092,Wai Wai Wilson,Female,30,Mawlamyine
CUST1095,Ei Mon Sims,Female,47,Monywa
CUST1100,Myat Mon Garcia,Female,32,Mandalay
CUST1102,Cherry Neal,Male,25,Pathein
CUST1106,Htet Htet Beard,Female,41,Pathein
CUST1156,Ei Mon Anderson,Female,45,Bago
CUST1171,Ei Mon Wolfe,Female,31,Mawlamyine
CUST1181,Htet Htet Johnson,Female,58,Monywa
CUST1182,Pyae Sone Spence,Female,57,Naypyidaw
CUST1194,Htet Htet Flowers,Female,34,Mandalay
CUST1211,Ei Mon Glass,Female,30,Pathein
CUST1228,Ei Mon Lewis,Female,28,Taunggyi
CUST1231,Ei Mon Moore,Male,42,Mawlamyine
CUST1249,Myat Mon Rogers,Female,55,Mawlamyine
CUST1251,Ei Mon Taylor,Female,47,Naypyidaw
CUST1271,Nandar Mcguire,Female,49,Yangon
CUST1291,Myat Mon Becker,Female,25,Mawlamyine
CUST1314,Myat Mon Haynes,Female,25,Mawlamyine
CUST1320,Htet Htet Pierce,Female,48,Yangon
CUST1323,Myat Mon Bennett,Female,22,Bago
CUST1325,Thiri Hatfield,Male,21,Monywa
CUST1344,Nandar Brady,Female,37,Pathein
CUST1353,Cherry Foster,Female,28,Pathein
CUST1391,Myat Mon Jones,Female,29,Monywa
CUST1421,Htet Htet Bryant,Female,46,Yangon
CUST1461,Phyu Phyu King,Female,50,Mandalay
CUST1479,Wai Wai Mckinney,Female,41,Naypyidaw
CUST1016,Pyae Sone Lambert,Female,53,Mandalay
CUST1018,Nandar Rhodes,Female,60,Monywa
CUST1023,Ei Mon Powell,Female,42,Pathein
CUST1045,Cherry Taylor,Female,36,Monywa
CUST1110,Cherry Beltran,Female,27,Naypyidaw
CUST1149,Htet Htet Petersen,Female,41,Mawlamyine
CUST1163,Nandar Galvan,Female,32,Mawlamyine
CUST1164,Pyae Sone Rodriguez,Female,40,Pathein
CUST1201,Thiri Allen,Female,41,Yangon
CUST1203,Cherry Craig,Male,58,Mandalay
CUST1205,Ei Mon Alvarado,Female,43,Taunggyi
CUST1212,Nandar Keith,Female,26,Naypyidaw
CUST1216,Nandar Reed,Female,23,Yangon
CUST1220,Wai Wai Brown,Female,38,Mandalay
CUST1229,Thiri Hendricks,Female,26,Bago
CUST1239,Htet Htet Barnes,Female,50,Yangon
CUST1241,Thiri Gibbs,Female,23,Mandalay
CUST1245,Wai Wai Wilson,Female,55,Pathein
CUST1252,Myat Mon Fernandez,Female,48,Mawlamyine
CUST1256,Cherry Dickerson,Female,18,Pathein
CUST1273,Nandar Harris,Female,52,Pathein
CUST1283,Myat Mon Peck,Male,56,Taunggyi
CUST1303,Pyae Sone Walker,Male,21,Bago
CUST1309,Htet Htet Davis,Female,29,Pathein
CUST1315,Pyae Sone Lopez,Female,21,Bago
CUST1317,Cherry Mckinney,Female,60,Bago
CUST1332,Cherry Strickland,Female,50,Mawlamyine
CUST1339,Ei Mon Pierce,Female,39,Monywa
CUST1342,Pyae Sone Cole,Female,38,Mandalay
CUST1364,Thiri Jacobs,Female,24,Pathein
CUST1377,Myat Mon Snow,Male,54,Mandalay
CUST1396,Wai Wai Olsen,Female,50,Naypyidaw
CUST1401,Ei Mon Mcneil,Female,38,Mawlamyine
CUST1402,Myat Mon Burton,Male,41,Naypyidaw
CUST1407,Nandar Gallagher,Female,18,Monywa
CUST1464,Phyu Phyu Garza,Male,41,Mawlamyine
CUST1005,Phyu Phyu Sims,Female,54,Yangon
CUST1014,Ei Mon Lopez,Female,33,Bago
CUST1021,Myat Mon Palmer,Female,30,Monywa
CUST1033,Myat Mon James,Female,39,Pathein
CUST1046,Nandar Myers,Female,23,Yangon
CUST1075,Ei Mon Rodriguez,Female,46,Mawlamyine
CUST1093,Myat Mon Edwards,Female,28,Mawlamyine
CUST1094,Wai Wai Nelson,Female,41,Monywa
CUST1104,Wai Wai Glenn,Female,48,Mandalay
CUST1109,Wai Wai Campbell,Female,37,Bago
CUST1120,Wai Wai Allen,Female,37,Naypyidaw
CUST1122,Thiri Brooks,Female,59,Naypyidaw
CUST1130,Myat Mon Aguirre,Female,51,Naypyidaw
CUST1132,Cherry Chandler,Female,57,Yangon
CUST1133,Wai Wai Russell,Female,47,Bago
CUST1137,Ei Mon White,Female,33,Pathein
CUST1172,Ei Mon Castaneda,Female,35,Naypyidaw
CUST1176,Wai Wai James,Female,25,Taunggyi
CUST1178,Phyu Phyu Foster,Female,50,Mawlamyine
CUST1190,Pyae Sone Anderson,Female,24,Naypyidaw
CUST1207,Wai Wai Cook,Female,19,Mandalay
CUST1222,Phyu Phyu Reese,Female,52,Pathein
CUST1248,Wai Wai Douglas,Female,28,Pathein
CUST1269,Wai Wai King,Female,54,Mandalay
CUST1281,Wai Wai Young,Female,39,Mawlamyine
CUST1297,Myat Mon Simpson,Male,24,Monywa
CUST1310,Phyu Phyu Lee,Female,47,Pathein
CUST1319,Pyae Sone Bates,Female,34,Mandalay
CUST1333,Ei Mon Burns,Female,45,Monywa
CUST1340,Su Su Macias,Male,25,Taunggyi
CUST1350,Nandar Stark,Female,56,Mandalay
CUST1363,Pyae Sone Peterson,Female,40,Naypyidaw
CUST1372,Phyu Phyu Moore,Female,41,Monywa
CUST1373,Thiri White,Female,58,Bago
CUST1460,Phyu Phyu Cervantes,Female,40,Mawlamyine
CUST1484,Wai Wai Case,Female,25,Naypyidaw
