CustomerID,CustomerName,Location,Age,Gender
1001,April Olson,Tulsa,59,Male
1002,John Dyer,Kansas City,54,Female
1003,Danielle Lutz,Philadelphia,54,Female
1004,Mrs. Rebecca Duncan,Raleigh,18,Male
1005,Jill West,Dallas,25,Female
1006,Martin Mitchell,Baltimore,37,Male
1007,Sandra Carter,Detroit,64,Male
1008,Lisa Haynes,Louisville,20,Male
1009,Robin Chan,Tucson,38,Female
1010,Wendy Page MD,Oakland,31,Male
1011,Manuel Dixon,Indianapolis,66,Male
1012,Lisa Ford,Indianapolis,58,Female
1013,Corey Hernandez,Austin,37,Female
1014,Tyler Santiago,Oklahoma City,68,Male
1015,Christine Sanchez,New Orleans,40,Male
1016,Richard Callahan,Nashville,68,Male
1017,Aaron Edwards,San Diego,46,Male
1018,Eric Graham,Long Beach,68,Female
1019,Andrew Bush,Fresno,26,Male
1020,Jonathan Cherry,Oakland,43,Male
1021,Lisa Anderson,Omaha,47,Female
1022,Robert Singh,Tucson,67,Female
1023,Jim Cannon,Nashville,44,Female
1024,Luis Osborne,Detroit,69,Female
1025,Carrie Pham,Louisville,50,Female
1026,Walter Davis,Baltimore,37,Male
1027,Alan Bond,Colorado Springs,67,Female
1028,Tammy Daniel,Tulsa,26,Female
1029,Ashley Santos,Indianapolis,45,Female
1030,Andrew Williams,Denver,43,Male
1031,Thomas Simpson,Atlanta,59,Female
1032,Kristi Bowen,New Orleans,40,Male
1033,Logan Velasquez,Seattle,30,Male
1034,Jordan Friedman,Fort Worth,46,Male
1035,Rodney Schmidt MD,Milwaukee,44,Male
1036,James Brown,Boston,24,Male
1037,Melody Henry,Seattle,69,Male
1038,Richard Arnold,Miami,55,Male
1039,Veronica Johnson,Las Vegas,69,Female
1040,Henry Koch,Milwaukee,24,Male
1041,Nicholas Nichols,Charlotte,43,Female
1042,Joseph Lane,Wichita,27,Male
1043,Stephen Floyd,Dallas,47,Male
1044,David Hill,Jacksonville,56,Male
1045,James Pacheco,Mesa,34,Male
1046,Allen Hart,Philadelphia,30,Male
1047,Philip Duncan,Detroit,36,Male
1048,Anita Watkins,Austin,32,Female
1049,Cindy Stone,San Jose,21,Male
1050,Cynthia Miller,Boston,52,Female
1051,Kimberly Bolton,Sacramento,33,Female
1052,Todd Brown,Tucson,62,Female
1053,Richard Bauer,Miami,33,Female
1054,Christopher Arnold,Denver,43,Female
1055,Raymond Davis,Chicago,55,Female
1056,Desiree Miles,New York,37,Female
1057,Barbara Carter,Milwaukee,57,Male
1058,Jimmy Ball,Omaha,52,Female
1059,William Nichols,San Francisco,69,Male
1060,Stephanie Caldwell,Portland,20,Male
1061,Kimberly Gomez,Arlington,45,Female
1062,Gerald Russo,Raleigh,64,Male
1063,Steven Henry,Minneapolis,57,Male
1064,Nicholas Jackson,Milwaukee,62,Female
1065,Jimmy Williams,Wichita,26,Female
1066,Krystal Calhoun,Phoenix,67,Female
1067,Manuel Leon,Minneapolis,63,Male
1068,Matthew Boyd,Philadelphia,54,Male
1069,Melissa Rice,Virginia Beach,48,Male
1070,Sandra Kline,San Jose,69,Male
1071,Henry Yu,Arlington,32,Male
1072,Greg Bruce,Phoenix,50,Female
1073,Andrea West,Arlington,19,Female
1074,Matthew Parker,Indianapolis,68,Female
1075,Amy Barry,San Antonio,19,Female
1076,Molly Hardy,New Orleans,46,Female
1077,Jesus Mitchell,Kansas City,35,Male
1078,Alexander Becker,Nashville,57,Female
1079,Christine Davis,Indianapolis,45,Female
1080,Sarah Russell,El Paso,33,Female
1081,Patrick Ramirez,Boston,31,Female
1082,Amber Walker,El Paso,23,Female
1083,Christopher Thompson,Milwaukee,56,Female
1084,Dr. Sheila Taylor DVM,Houston,49,Male
1085,Jeremiah Carter,Memphis,37,Female
1086,Vanessa Baker,Arlington,66,Female
1087,Natasha Wheeler,San Diego,55,Male
1088,Thomas Hunter,Fresno,40,Male
1089,Alan Soto,Dallas,66,Male
1090,Manuel Gonzales,Arlington,63,Female
1091,Dean Clark,Phoenix,34,Male
1092,Robert Aguirre,San Antonio,62,Male
1093,Brenda Williams,Chicago,34,Male
1094,Amanda Simpson,San Antonio,35,Female
1095,Zachary Smith,Memphis,31,Female
1096,Shawn Sellers,Portland,20,Female
1097,John Johnson,Denver,27,Female
1098,Melissa Mcfarland,Columbus,59,Female
1099,Joseph Daugherty,Seattle,19,Male
1100,Amy Phillips,Virginia Beach,39,Male
1101,Julian Smith,Virginia Beach,32,Male
1102,Karen Warren,Indianapolis,61,Female
1103,Marvin Riley,Omaha,68,Male
1104,Kevin Lopez,Washington,40,Male
1105,Elizabeth Bryan,Detroit,37,Female
1106,Charles Woods,Phoenix,53,Male
1107,Katelyn Jacobs,Boston,33,Male
1108,Sonya Price,El Paso,51,Female
1109,Randy Evans,Houston,19,Male
1110,Kathleen Brennan,Austin,26,Male
1111,George Goodman,Washington,39,Female
1112,Susan Schultz,Oakland,64,Female
1113,Teresa Wall,San Jose,53,Female
1114,Melissa Jacobs,Nashville,31,Female
1115,Valerie West,Memphis,60,Male
1116,Scott Hughes,Wichita,47,Male
1117,Michael Sutton,Las Vegas,20,Female
1118,Joseph Gonzalez PhD,Mesa,56,Male
1119,Edward Brooks,Sacramento,67,Male
1120,Erica Holder,San Antonio,49,Female
1121,Michele Walker,San Jose,55,Male
1122,Michael Price,Sacramento,30,Female
1123,Brittany Nguyen,Seattle,33,Male
1124,Jamie Griffin,Kansas City,43,Male
1125,Steven Rodgers,Colorado Springs,29,Female
1126,Belinda Olson,Philadelphia,55,Female
1127,Scott Arellano,Tucson,44,Male
1128,Meghan Fernandez,Omaha,50,Male
1129,Brad Nash,Nashville,66,Male
1130,Julie Wilson DDS,San Antonio,54,Female
1131,Zachary Soto,Oklahoma City,25,Female
1132,James Walker,Albuquerque,24,Male
1133,Daniel Webster,Los Angeles,62,Male
1134,David Stuart,New York,65,Female
1135,Ryan Conway,Las Vegas,26,Male
1136,Kyle Rodriguez,Kansas City,34,Male
1137,Mrs. Jennifer Hamilton,Detroit,53,Male
1138,Victoria Luna,Milwaukee,52,Female
1139,Justin Cooke,Portland,42,Male
1140,Krista Wood,Sacramento,31,Male
1141,Jonathan Wright,San Francisco,47,Female
1142,Mark Singleton,Boston,60,Female
1143,Amanda Mendez,Colorado Springs,67,Female
1144,Sean Dalton,Mesa,55,Female
1145,Jennifer House,Seattle,23,Male
1146,Richard Livingston,Columbus,41,Female
1147,Lynn Ortiz,Arlington,69,Female
1148,Joshua Schroeder,Milwaukee,19,Male
1149,Tammy Martinez,Denver,40,Female
1150,Megan Gibson,Arlington,44,Female
1151,Daniel Wong,Phoenix,34,Female
1152,Barbara James,Fort Worth,22,Male
1153,Christopher Knight,Seattle,52,Male
1154,Aaron Smith Jr.,Denver,53,Male
1155,Daniel Johnson,Albuquerque,48,Female
1156,Ronald Nelson,Chicago,61,Female
1157,Charles Armstrong,Raleigh,27,Male
1158,Jonathan Benson,San Antonio,49,Male
1159,Natalie Anderson,Albuquerque,51,Male
1160,Kayla Lewis,Omaha,29,Female
1161,Gregory Olson,Columbus,69,Male
1162,Christine Yates,San Antonio,41,Male
1163,Antonio Manning,Fort Worth,32,Male
1164,Tyler Tran,Philadelphia,28,Male
1165,Ryan Morgan,San Antonio,24,Male
1166,Laura Williams,Charlotte,52,Female
1167,Judy Holt,Philadelphia,53,Female
1168,Logan Griffin,Columbus,52,Female
1169,Shaun Silva,Oakland,30,Male
1170,Samuel Hunter,Albuquerque,44,Male
1171,Brianna Alvarez,Tulsa,39,Female
1172,Amanda Harper,Nashville,62,Female
1173,Megan Carson,Albuquerque,67,Male
1174,Gregory Johnson,Louisville,38,Female
1175,Susan Gross,Washington,62,Male
1176,Matthew Conway,El Paso,37,Male
1177,Michael Brown,Virginia Beach,27,Female
1178,Scott Russell,Sacramento,50,Female
1179,Mark Bush,Baltimore,24,Female
1180,Linda Edwards,Baltimore,48,Male
1181,Michael Pace,Milwaukee,32,Male
1182,Bobby Brown,Minneapolis,31,Male
1183,Samuel Hall,Fort Worth,27,Female
1184,Julian Sparks,San Francisco,19,Male
1185,Stephanie Mccoy,El Paso,58,Male
1186,Larry Hawkins,Virginia Beach,49,Female
1187,Keith Fowler,Denver,43,Female
1188,Kristine Miller,Phoenix,67,Female
1189,Norman Davis,Tulsa,62,Female
1190,James Anderson,Portland,64,Female
1191,Adrienne Smith,Louisville,47,Male
1192,Cameron Russell DDS,Mesa,45,Female
1193,Travis Kim,Milwaukee,49,Male
1194,Gregory Hatfield,Columbus,43,Male
1195,Monica Brewer,El Paso,41,Female
1196,Susan Powell,Minneapolis,48,Female
1197,Roberto Weaver,Fort Worth,48,Male
1198,Lindsay Park,Raleigh,42,Male
1199,Jordan Gomez,Memphis,45,Female
1200,Jimmy Ward,El Paso,23,Female
1201,Lindsay Frank MD,Jacksonville,39,Male
1202,Michael Elliott,San Jose,69,Female
1203,Karen Morales,Colorado Springs,36,Female
1204,Michelle Johnson,Dallas,21,Male
1205,Lisa Rodriguez,San Francisco,52,Female
1206,Austin Mccormick,Milwaukee,39,Female
1207,Jennifer Davis,Philadelphia,18,Male
1208,Joel Rosario,Columbus,41,Female
1209,Dr. Daniel Wilson,Portland,22,Female
1210,Benjamin Steele,San Jose,63,Male
1211,Kelly Vega,Nashville,43,Male
1212,Jason Perez,Phoenix,50,Male
1213,Jamie Nielsen,Tulsa,34,Female
1214,Carla Green,Sacramento,39,Female
1215,Christopher Marquez,Indianapolis,27,Male
1216,Elizabeth Guzman,Oklahoma City,53,Female
1217,Katrina Crawford,Minneapolis,22,Male
1218,John Sanders,Kansas City,55,Male
1219,Jose Stark,Jacksonville,60,Male
1220,Thomas Baker,Baltimore,25,Female
1221,Donna Sims,Dallas,58,Male
1222,Donald Allen,San Francisco,41,Male
1223,Jessica Lopez,Tulsa,49,Male
1224,Christopher Marks,Oklahoma City,64,Male
1225,Carrie Gonzales,Portland,53,Female
1226,Joanna Guzman,Fresno,28,Male
1227,Courtney Kaiser,New Orleans,34,Male
1228,Nicole Butler,Colorado Springs,19,Female
1229,Steve Colon,Fort Worth,54,Female
1230,Nathan Bond,Milwaukee,19,Male
1231,Amanda Conley DDS,Boston,24,Female
1232,Charles Nichols,Atlanta,21,Male
1233,Sarah Patterson,Wichita,63,Male
1234,Douglas Benton,Tulsa,35,Female
1235,Mr. Eric Luna DDS,Louisville,63,Male
1236,Wayne Knight,San Francisco,57,Male
1237,Xavier Garcia,Detroit,68,Female
1238,Lisa Warren,Minneapolis,59,Male
1239,Steven Cooper,El Paso,56,Female
1240,Brent Osborn,Arlington,31,Male
1241,Claudia Malone,Fort Worth,68,Male
1242,Danielle Molina,San Jose,44,Female
1243,Jennifer Burch,Dallas,32,Male
1244,Brandon King,Miami,36,Male
1245,Tracy Galvan,Phoenix,21,Female
1246,Donna Wright,Detroit,59,Female
1247,Hannah Rodriguez,San Francisco,63,Male
1248,Mikayla Camacho,Fresno,60,Female
1249,Ashley Martinez,San Jose,62,Male
1250,Derrick Clark,Omaha,49,Female
1251,Justin Scott,San Diego,50,Male
1252,David Hanna,Boston,28,Male
1253,Angela Chavez,Milwaukee,24,Male
1254,Nathan Lewis,Fort Worth,24,Male
1255,Tiffany Becker,Las Vegas,68,Female
1256,Mary Ali,Philadelphia,48,Female
1257,Timothy Spence,Baltimore,26,Male
1258,Emily Martinez,Kansas City,20,Male
1259,Stephen Hernandez,Fort Worth,52,Male
1260,Shawn Gross,Wichita,29,Male
1261,Jill Byrd,Tucson,22,Male
1262,Ashley Coffey,Portland,48,Female
1263,William Fisher,Wichita,57,Female
1264,John Sanchez,Milwaukee,47,Male
1265,Derek Conrad,Mesa,50,Male
1266,Darrell Holland,Omaha,59,Female
1267,Tina Burns,New York,41,Female
1268,Christopher Mason,Jacksonville,62,Female
1269,Tracy Fox,El Paso,52,Male
1270,Kevin Bruce,San Jose,63,Male
1271,Robert Washington,Virginia Beach,58,Female
1272,Francisco Morgan,Houston,27,Male
1273,Robert Richards,Omaha,22,Female
1274,Michaela Williams,Fort Worth,27,Female
1275,Michelle King,Raleigh,34,Male
1276,Joshua Collins,New Orleans,66,Male
1277,George Bradley,San Jose,22,Female
1278,Joseph Trujillo,Jacksonville,46,Female
1279,Sharon Ramirez,Portland,33,Male
1280,Karen Sutton,Fort Worth,62,Male
1281,Courtney Payne,Boston,33,Male
1282,Deborah Phillips,San Diego,18,Male
1283,Jeff Haley,Colorado Springs,51,Male
1284,Patrick Montgomery,Houston,42,Female
1285,Jennifer Johnson,San Diego,51,Male
1286,Michael Sherman,Portland,56,Female
1287,Olivia Garcia,San Jose,46,Male
1288,Anthony Moore,Oakland,61,Male
1289,Kelly Brown,San Diego,22,Female
1290,Matthew Green,Portland,29,Female
1291,Katherine Ramirez,Seattle,69,Female
1292,Blake Clay,Houston,66,Female
1293,Bradley Massey MD,Long Beach,42,Female
1294,Jacob Long,Denver,62,Female
1295,Anthony Gibson,Omaha,27,Female
1296,Jennifer Sawyer,Boston,52,Male
1297,Joe Miller,Philadelphia,62,Female
1298,Laura Hamilton,Baltimore,64,Male
1299,James Hunter,Baltimore,65,Female
1300,Gregory Jordan,Baltimore,46,Male
1301,Regina Gomez,Oakland,18,Male
1302,Joseph Martin DDS,Oklahoma City,57,Male
1303,Kristen Mccall,Minneapolis,40,Male
1304,Amy Reid,Denver,60,Male
1305,Brandon Stevenson,Dallas,33,Female
1306,Sarah Gentry,Portland,64,Male
1307,Tim Phillips,Memphis,24,Male
1308,Brandon Ford,Houston,36,Male
1309,Bobby Gonzalez,San Antonio,51,Female
1310,Michelle Jimenez MD,Charlotte,51,Male
1311,Timothy Evans,New York,48,Female
1312,Hannah Miller,Albuquerque,46,Male
1313,Blake Hurley,Dallas,36,Female
1314,Rebecca Morales,Albuquerque,49,Male
1315,Laura Sullivan,San Francisco,52,Female
1316,Taylor Baker,Wichita,60,Male
1317,Benjamin Greene,Denver,58,Female
1318,Michael Padilla,Wichita,29,Female
1319,Jennifer Mckay,Miami,21,Male
1320,Miranda Clark,Baltimore,44,Female
1321,Ronald Thornton,Denver,27,Female
1322,Thomas Williams,Los Angeles,69,Male
1323,Keith Black,San Francisco,23,Female
1324,Jessica Johnson,Miami,48,Female
1325,Danielle Bautista,Fresno,49,Male
1326,Jason Orozco,Charlotte,23,Male
1327,Eddie Rodriguez,Albuquerque,28,Female
1328,Tammy Hunt DVM,Portland,40,Male
1329,Gregory Torres,Chicago,64,Female
1330,Raymond Hamilton,Albuquerque,39,Male
1331,David Gonzalez,Denver,22,Female
1332,Victoria Ross,New York,19,Male
1333,Andrew Butler,Seattle,40,Male
1334,Kathleen Gonzalez,Jacksonville,25,Female
1335,Russell Peterson,Minneapolis,23,Male
1336,Kimberly Velez,New York,68,Male
1337,Ashlee Larson,Washington,52,Female
1338,Evan Mcdonald,Oakland,46,Male
1339,Sheri Roberts,Fresno,58,Male
1340,Paula Hampton,Virginia Beach,21,Male
1341,Steven White,Seattle,31,Male
1342,Jose Cruz,San Antonio,56,Male
1343,Samantha Jones,Washington,20,Female
1344,Kevin Carson,Atlanta,61,Female
1345,Ralph Boyd,Arlington,65,Male
1346,Samantha Taylor,Arlington,60,Female
1347,Sheila Henson,San Antonio,65,Male
1348,Andrew Green,Atlanta,43,Male
1349,Carlos Mcguire,Colorado Springs,42,Female
1350,Jeremy Black,Detroit,46,Male
1351,Alex Harris,Kansas City,55,Male
1352,Melissa Rodriguez,Houston,49,Female
1353,Christine Anderson,Las Vegas,46,Male
1354,Christina Crawford,Denver,23,Male
1355,Mark Sullivan,Phoenix,34,Male
1356,John Mills,San Antonio,34,Female
1357,Paul Gonzales,Indianapolis,63,Male
1358,Alicia Hubbard,Chicago,27,Male
1359,David Esparza,Atlanta,44,Male
1360,Christopher Wilkins,Austin,34,Female
1361,Sean Alvarez,New York,62,Male
1362,Roy Terry,San Francisco,52,Male
1363,Shannon Davis,Baltimore,40,Male
1364,Jamie Cook,Phoenix,20,Female
1365,Jeanette Anderson,Fort Worth,19,Male
1366,Shelly Morales,Portland,56,Female
1367,Traci Rich,Milwaukee,54,Female
1368,Cathy Lawrence,Indianapolis,36,Female
1369,Edward Chen,Oklahoma City,35,Female
1370,Billy Green,Long Beach,32,Female
1371,Maria Gardner,Arlington,68,Male
1372,Claire Kaufman,Nashville,60,Female
1373,Susan Sosa,Phoenix,60,Male
1374,Nancy Brown,Wichita,40,Female
1375,John Anderson,Charlotte,26,Male
1376,Rebecca Torres,Phoenix,35,Male
1377,Andrew Alexander,San Antonio,24,Male
1378,Marc Johnson,Fort Worth,18,Female
1379,Dustin Phillips,Los Angeles,67,Female
1380,Victoria Delgado,Minneapolis,33,Male
1381,Jacqueline Marshall,Oklahoma City,54,Female
1382,Lindsey Hoover,Fresno,47,Female
1383,Alexa Beltran,Seattle,30,Male
1384,Kevin Powell,Miami,36,Female
1385,Timothy Lee,Memphis,20,Female
1386,Timothy Thornton,Portland,66,Male
1387,Ruth Davidson,Boston,36,Male
1388,Christopher Dennis,San Jose,57,Female
1389,Nicole Brown,Sacramento,22,Female
1390,Maria Allen,Virginia Beach,22,Male
1391,Andrea Everett,Jacksonville,35,Male
1392,Rebecca Garrett,Columbus,62,Female
1393,Michael Martin,Kansas City,59,Female
1394,Catherine Mendoza,Indianapolis,64,Female
1395,Alicia Davis,Philadelphia,56,Male
1396,Brittany Lester,Las Vegas,41,Male
1397,Terry Martinez,Fort Worth,69,Male
1398,Alfred Webster,Philadelphia,34,Male
1399,Audrey White,Tulsa,25,Male
1400,Martin Henderson,Memphis,50,Male
1401,Mark Miranda,San Francisco,60,Male
1402,Adam Morton,Portland,60,Male
1403,Stephanie Porter,San Diego,49,Female
1404,Juan Bartlett,Kansas City,57,Male
1405,Tricia Cameron,Tucson,39,Male
1406,Richard Chen,San Diego,62,Male
1407,Jacqueline Long,Portland,65,Male
1408,Curtis Beltran,Baltimore,36,Male
1409,Peggy Jarvis,San Jose,65,Female
1410,Lindsey Ali,Kansas City,59,Male
1411,Carlos Ramirez,Minneapolis,55,Female
1412,Anthony Martin,Houston,19,Male
1413,Paula Mitchell,Mesa,29,Male
1414,Michael Lindsey,Oklahoma City,43,Female
1415,Samuel Fields,Seattle,66,Male
1416,Melissa Johnson,Kansas City,24,Male
1417,Jane Jones,Austin,30,Male
1418,Christopher Daniels,Virginia Beach,47,Male
1419,Mario Bullock,Tulsa,20,Female
1420,Michelle Adams,Arlington,49,Female
1421,Dr. Christopher Davis,Philadelphia,18,Male
1422,Erika Day,Houston,51,Male
1423,Mary Lawrence,Omaha,48,Female
1424,Christopher Charles,Oklahoma City,43,Female
1425,Zachary Williams,El Paso,45,Male
1426,Dorothy Tran,Las Vegas,24,Male
1427,Lisa Hernandez,Colorado Springs,21,Male
1428,Rebekah Meyer,San Francisco,37,Female
1429,Ashley Roberts,Columbus,48,Female
1430,Amanda Pena,Baltimore,18,Female
1431,Sean Goodman,Long Beach,42,Male
1432,Stephanie Anderson,Virginia Beach,31,Male
1433,Mercedes Boyle,Wichita,66,Female
1434,Crystal Shelton,Memphis,38,Male
1435,Destiny Young,San Francisco,36,Male
1436,Dr. Sandy Hahn,San Jose,45,Male
1437,Bridget Turner,Colorado Springs,53,Male
1438,John Jones,Miami,42,Female
1439,Mrs. Sandra Miller,Las Vegas,47,Male
1440,Laura Medina,Philadelphia,68,Male
1441,Jeanne Nguyen,San Jose,63,Male
1442,Heather Meza,Philadelphia,21,Male
1443,Lee Brandt,Arlington,32,Female
1444,Melissa Crawford,Albuquerque,20,Female
1445,Joshua Melton,Dallas,64,Male
1446,Sean Hansen,Nashville,38,Female
1447,Eric Serrano,Raleigh,61,Female
1448,Pamela Erickson,Indianapolis,59,Male
1449,Angel Alvarez,Las Vegas,65,Female
1450,David Finley,Louisville,45,Male
1451,Caitlin Pratt,Virginia Beach,41,Male
1452,Dylan Walters,New York,43,Male
1453,Cynthia Williams,Philadelphia,55,Male
1454,Victor Morrow,Oakland,56,Male
1455,Victoria Donovan,Atlanta,57,Female
1456,Christopher Mclean,San Antonio,50,Male
1457,Jeremiah Hicks,Long Beach,40,Male
1458,Rebecca Carroll,Oklahoma City,24,Female
1459,Michael Tyler,Sacramento,64,Male
1460,Mark Williams,Oklahoma City,59,Male
1461,Rachel Gardner,Arlington,51,Female
1462,David Fields,Louisville,42,Male
1463,Joseph Martin,Atlanta,54,Female
1464,John Bryant,Arlington,52,Female
1465,Sara Stephenson,Austin,35,Female
1466,Bryan Benson,Sacramento,21,Female
1467,David Wagner,Detroit,22,Male
1468,Jessica Harris,Wichita,37,Female
1469,Jason Phillips,Milwaukee,50,Male
1470,Terry Wright,Omaha,39,Male
1471,Andrew Andrews,Columbus,61,Male
1472,Amy Price,Austin,21,Male
1473,David Bailey,Portland,60,Female
1474,Jonathan Colon,Indianapolis,33,Male
1475,Leslie Stewart,Wichita,45,Female
1476,Eric Allen,Washington,46,Male
1477,Victoria Roberts,Las Vegas,26,Male
1478,Sharon Schultz,New York,49,Female
1479,Mario Haney,Oklahoma City,41,Female
1480,Linda Jones,Detroit,59,Female
1481,Jacqueline Monroe,Kansas City,56,Female
1482,David Ryan,Indianapolis,34,Male
1483,Gary Rose,New Orleans,64,Male
1484,Kristen Townsend,San Jose,21,Male
1485,Mark Daniel,Louisville,61,Female
1486,Paula Smith,San Jose,53,Male
1487,Jonathan Harper,Arlington,24,Male
1488,Tyler Hernandez,Dallas,19,Male
1489,Andrew Anderson,El Paso,56,Male
1490,Michelle Russell,Mesa,44,Male
1491,Christine Zavala,Portland,31,Male
1492,William Williams,Kansas City,24,Female
1493,Jennifer Neal,San Jose,61,Female
1494,Darin Mullins,Baltimore,38,Male
1495,Bruce Johnson,Indianapolis,25,Female
1496,Corey Delacruz,Austin,55,Male
1497,Derrick Hunt DDS,Boston,63,Female
1498,Jeffrey Rich,Mesa,55,Female
1499,William Hall,Minneapolis,23,Male
1500,Robert Hartman,Dallas,20,Female
